               epoch,      train/box_loss,      train/obj_loss,      train/cls_loss,   metrics/precision1,      metrics/recall1,     metrics/mAP_0.51,metrics/mAP_0.5:0.95,        val/box_loss,        val/obj_loss,        val/cls_loss,               x/lr0,               x/lr1,               x/lr2,,   metrics/precision,,      metrics/recall,     metrics/mAP_0.5
0,0.094624,0.020545,0.046371,0.0032191,0.71615,0.011167,0.0043092,0.073549,0.011862,0.045018,0.070714,0.003254,0.003254,,0.0032191,,,0.011167
1,0.061167,0.019178,0.04406,0.16564,0.042463,0.066113,0.02693,0.057366,0.0087719,0.041676,0.040702,0.0065754,0.0065754,,0.16564,,,0.066113
2,0.052738,0.014755,0.041918,0.049103,0.28374,0.066417,0.025095,0.058475,0.008099,0.037632,0.010679,0.0098849,0.0098849,,0.049103,,,0.066417
3,0.045237,0.010948,0.039612,0.141,0.29724,0.17825,0.097692,0.039487,0.0069848,0.035273,0.009946,0.009946,0.009946,,0.0987,,,0.17825
4,0.040546,0.009643,0.037792,0.21495,0.34899,0.24477,0.12976,0.038633,0.005428,0.033857,0.009946,0.009946,0.009946,,0.150465,,,0.220293
5,0.037602,0.0090224,0.03711,0.27195,0.34357,0.28135,0.14715,0.037303,0.0057047,0.032134,0.009928,0.009928,0.009928,,0.190365,,,0.253215
6,0.036898,0.0092171,0.035904,0.31339,0.37896,0.31015,0.18132,0.035335,0.0069855,0.030834,0.00991,0.00991,0.00991,,0.219373,,,0.279135
7,0.034242,0.0084466,0.034047,0.31141,0.51327,0.38534,0.21694,0.032399,0.0050544,0.028643,0.009892,0.009892,0.009892,,0.217987,,,0.346806
8,0.033476,0.008288,0.032435,0.3845,0.49121,0.42716,0.27847,0.029005,0.0045802,0.027542,0.009874,0.009874,0.009874,,0.26915,,,0.384444
9,0.033423,0.0083801,0.031318,0.46153,0.51863,0.46654,0.27901,0.030898,0.0045782,0.025201,0.009856,0.009856,0.009856,,0.323071,,,0.419886
10,0.032635,0.0080999,0.029377,0.44051,0.58936,0.53614,0.31462,0.0333,0.0046874,0.023329,0.009838,0.009838,0.009838,,0.308357,,,0.482526
11,0.031976,0.007989,0.0279,0.44941,0.62069,0.55608,0.35382,0.02738,0.0045744,0.0222,0.00982,0.00982,0.00982,,0.314587,,,0.500472
12,0.031977,0.0078492,0.02652,0.50047,0.6437,0.5951,0.40878,0.027686,0.0043998,0.020809,0.009802,0.009802,0.009802,,0.350329,,,0.53559
13,0.032022,0.007983,0.025683,0.48377,0.69529,0.62939,0.37773,0.029647,0.0042156,0.01943,0.009784,0.009784,0.009784,,0.338639,,,0.566451
14,0.030993,0.0077999,0.024046,0.50776,0.65524,0.65099,0.43257,0.027613,0.0046889,0.019014,0.009766,0.009766,0.009766,,0.355432,,,0.585891
15,0.031486,0.0076928,0.023681,0.55931,0.77153,0.71348,0.46116,0.02681,0.0042498,0.01702,0.009748,0.009748,0.009748,,0.391517,,,0.642132
16,0.029914,0.0077456,0.021755,0.59754,0.78739,0.76432,0.47778,0.027291,0.0041937,0.015719,0.00973,0.00973,0.00973,,0.418278,,,0.687888
17,0.029664,0.0073463,0.020297,0.57725,0.81749,0.78534,0.51044,0.028919,0.0044111,0.01486,0.009712,0.009712,0.009712,,0.404075,,,0.706806
18,0.02995,0.0076069,0.019484,0.69802,0.81204,0.8095,0.57655,0.023315,0.0040934,0.014252,0.009694,0.009694,0.009694,,0.488614,,,0.72855
19,0.029594,0.0075869,0.018666,0.6728,0.77128,0.75729,0.50304,0.026111,0.0046598,0.013633,0.009676,0.009676,0.009676,,0.43732,,,0.681561
20,0.030254,0.007681,0.018137,0.69016,0.85928,0.82004,0.57887,0.024058,0.0042384,0.012535,0.009658,0.009658,0.009658,,0.448604,,,0.697034
21,0.029337,0.0073421,0.016844,0.78286,0.85121,0.88395,0.65216,0.022738,0.0040714,0.011059,0.00964,0.00964,0.00964,,0.508859,,,0.7513575
22,0.02874,0.0072543,0.016276,0.80966,0.88007,0.91841,0.65079,0.02418,0.0040196,0.010092,0.009622,0.009622,0.009622,,0.526279,,,0.7806485
23,0.029167,0.0074609,0.015458,0.81819,0.89984,0.91659,0.65675,0.023527,0.0041349,0.01001,0.009604,0.009604,0.009604,,0.5318235,,,0.7791015
24,0.028954,0.0074201,0.014524,0.87214,0.90266,0.93842,0.66584,0.026605,0.0042758,0.0088541,0.009586,0.009586,0.009586,,0.566891,,,0.797657
25,0.028764,0.0074658,0.0136,0.93036,0.92272,0.96637,0.72826,0.023103,0.003963,0.007432,0.009568,0.009568,0.009568,,0.604734,,,0.8214145
26,0.028423,0.0071377,0.013128,0.87176,0.8716,0.93986,0.66843,0.024214,0.0043332,0.0083879,0.00955,0.00955,0.00955,,0.566644,,,0.798881
27,0.028287,0.007147,0.012395,0.90758,0.93354,0.96785,0.70197,0.024897,0.0040595,0.0068362,0.009532,0.009532,0.009532,,0.589927,,,0.8226725
28,0.028104,0.0071339,0.011972,0.9046,0.90232,0.95127,0.67766,0.023633,0.0043102,0.0066204,0.009514,0.009514,0.009514,,0.58799,,,0.8085795
29,0.028676,0.0073402,0.012203,0.90891,0.92777,0.96457,0.72916,0.022187,0.0042236,0.0064582,0.009496,0.009496,0.009496,,0.5907915,,,0.8198845
30,0.027868,0.0071952,0.01119,0.92636,0.91222,0.96417,0.7354,0.021183,0.0037588,0.0061616,0.009478,0.009478,0.009478,,0.602134,,,0.8195445
31,0.028375,0.0073779,0.011338,0.94815,0.9113,0.96869,0.73972,0.023288,0.0038402,0.0052517,0.00946,0.00946,0.00946,,0.6162975,,,0.8233865
32,0.02758,0.0073412,0.010857,0.94324,0.92615,0.97091,0.69413,0.024766,0.0040243,0.0054783,0.009442,0.009442,0.009442,,0.613106,,,0.8252735
33,0.029122,0.0080249,0.010877,0.97366,0.94252,0.98497,0.73212,0.021716,0.0038062,0.0042694,0.009424,0.009424,0.009424,,0.632879,,,0.8372245
34,0.02748,0.0068618,0.00989,0.9502,0.93821,0.97733,0.71496,0.023679,0.0038526,0.0046116,0.009406,0.009406,0.009406,,0.61763,,,0.8307305
35,0.026801,0.0069712,0.010145,0.93879,0.92249,0.97368,0.72702,0.022361,0.0038816,0.0054502,0.009388,0.009388,0.009388,,0.6102135,,,0.827628
36,0.027945,0.0071173,0.0096801,0.94975,0.95589,0.98129,0.75586,0.021237,0.003944,0.0042706,0.00937,0.00937,0.00937,,0.6173375,,,0.8340965
37,0.026849,0.0072147,0.0097688,0.95691,0.94879,0.97934,0.75419,0.020797,0.0037528,0.0042679,0.009352,0.009352,0.009352,,0.6219915,,,0.832439
38,0.02712,0.0071415,0.0096478,0.9565,0.94182,0.97707,0.74003,0.021854,0.0037085,0.0042733,0.009334,0.009334,0.009334,,0.621725,,,0.8305095
39,0.026822,0.0069653,0.0092403,0.95815,0.93841,0.9758,0.76217,0.020742,0.0037244,0.0041826,0.009316,0.009316,0.009316,,0.6227975,,,0.82943
40,0.026137,0.006966,0.0090003,0.95438,0.92736,0.97634,0.75885,0.020813,0.0039248,0.0042555,0.009298,0.009298,0.009298,,0.620347,,,0.829889
41,0.027015,0.0068029,0.0099156,0.96612,0.95899,0.97963,0.7703,0.019652,0.0036521,0.0037352,0.00928,0.00928,0.00928,,0.627978,,,0.8326855
42,0.026695,0.0069275,0.0088389,0.9613,0.95921,0.98332,0.75026,0.022047,0.0037414,0.0035427,0.009262,0.009262,0.009262,,0.624845,,,0.835822
43,0.026242,0.006841,0.0085849,0.95085,0.96261,0.98,0.74765,0.020484,0.0038045,0.0035895,0.009244,0.009244,0.009244,,0.6180525,,,0.833
44,0.025842,0.0070055,0.0082914,0.94737,0.95567,0.98178,0.77807,0.01941,0.0037639,0.0036002,0.009226,0.009226,0.009226,,0.6157905,,,0.834513
45,0.026084,0.006959,0.0080503,0.94265,0.9551,0.97777,0.76312,0.020047,0.0039504,0.0037102,0.009208,0.009208,0.009208,,0.6127225,,,0.8311045
46,0.026267,0.0069757,0.0085173,0.95466,0.95592,0.9824,0.76919,0.019619,0.0037246,0.0038302,0.00919,0.00919,0.00919,,0.620529,,,0.83504
47,0.026081,0.006902,0.0085845,0.95484,0.95947,0.97968,0.779,0.019609,0.0038704,0.0034729,0.009172,0.009172,0.009172,,0.620646,,,0.832728
48,0.025634,0.0067418,0.008004,0.98178,0.96486,0.98727,0.7795,0.01922,0.0036194,0.002908,0.009154,0.009154,0.009154,,0.638157,,,0.8391795
49,0.025242,0.0066428,0.0081221,0.96118,0.93695,0.97753,0.77267,0.019116,0.0036591,0.0037068,0.009136,0.009136,0.009136,,0.624767,,,0.8309005
50,0.02601,0.0071838,0.0084062,0.95831,0.96971,0.98613,0.79184,0.018779,0.0035588,0.0031981,0.009118,0.009118,0.009118,,0.6229015,,,0.8382105
51,0.026419,0.0069346,0.0085689,0.95587,0.94707,0.97848,0.74968,0.021128,0.0040228,0.0034464,0.0091,0.0091,0.0091,,0.6213155,,,0.831708
52,0.025666,0.0069154,0.0080759,0.97085,0.96595,0.98577,0.78237,0.018897,0.0035538,0.0029331,0.009082,0.009082,0.009082,,0.6310525,,,0.8379045
53,0.025256,0.00668,0.0078353,0.96427,0.96444,0.98577,0.77303,0.019371,0.0036364,0.0032621,0.009064,0.009064,0.009064,,0.6267755,,,0.8379045
54,0.0253,0.0067135,0.0080355,0.96922,0.95178,0.98075,0.78328,0.018612,0.0036853,0.0032019,0.009046,0.009046,0.009046,,0.629993,,,0.8336375
55,0.024868,0.006572,0.0075928,0.97991,0.96823,0.98607,0.78507,0.019379,0.0036716,0.0026337,0.009028,0.009028,0.009028,,0.6369415,,,0.8381595
56,0.026551,0.0067837,0.0085646,0.96209,0.96784,0.98536,0.79868,0.018203,0.0035303,0.0028435,0.00901,0.00901,0.00901,,0.6253585,,,0.837556
57,0.025527,0.0066507,0.0080615,0.96195,0.96162,0.98441,0.78457,0.018442,0.0035498,0.0029865,0.008992,0.008992,0.008992,,0.6252675,,,0.8367485
58,0.025919,0.0066712,0.0078415,0.95965,0.98109,0.98719,0.7849,0.019241,0.0036424,0.0027041,0.008974,0.008974,0.008974,,0.6237725,,,0.8391115
59,0.024786,0.0062946,0.00726,0.96444,0.96408,0.98224,0.77932,0.019176,0.0036681,0.0031982,0.008956,0.008956,0.008956,,0.626886,,,0.834904
60,0.025516,0.0067074,0.0082206,0.97132,0.9678,0.98511,0.80074,0.018153,0.0035203,0.0026285,0.008938,0.008938,0.008938,,0.631358,,,0.8373435
61,0.024561,0.0065587,0.0072111,0.9739,0.95233,0.98702,0.80385,0.017555,0.003424,0.0028531,0.00892,0.00892,0.00892,,0.633035,,,0.838967
62,0.025567,0.0067432,0.0077876,0.96668,0.96502,0.98537,0.77704,0.019084,0.003551,0.0027865,0.008902,0.008902,0.008902,,0.628342,,,0.8375645
63,0.024658,0.0065937,0.0070451,0.96184,0.97255,0.9854,0.79628,0.018091,0.0035573,0.0026682,0.008884,0.008884,0.008884,,0.625196,,,0.83759
64,0.024072,0.0065593,0.0076376,0.98006,0.96627,0.98788,0.80368,0.017398,0.003413,0.0025703,0.008866,0.008866,0.008866,,0.637039,,,0.839698
65,0.024947,0.0068481,0.0069957,0.9677,0.97767,0.98952,0.80188,0.017961,0.0034302,0.0024605,0.008848,0.008848,0.008848,,0.629005,,,0.841092
66,0.024927,0.007051,0.0073856,0.98428,0.96752,0.98736,0.80439,0.017606,0.0034559,0.002561,0.00883,0.00883,0.00883,,0.639782,,,0.839256
67,0.024657,0.0067732,0.007167,0.9791,0.96452,0.98997,0.79924,0.017809,0.0033349,0.0024414,0.008812,0.008812,0.008812,,0.636415,,,0.8414745
68,0.023713,0.0064348,0.0069364,0.96664,0.97029,0.98694,0.80442,0.017391,0.0034228,0.002352,0.008794,0.008794,0.008794,,0.628316,,,0.838899
69,0.024184,0.0065002,0.0071404,0.95122,0.97945,0.98686,0.7991,0.01788,0.0035119,0.0026144,0.008776,0.008776,0.008776,,0.618293,,,0.838831
70,0.023896,0.0064299,0.0068775,0.97605,0.96564,0.98826,0.80314,0.017556,0.0034936,0.0023864,0.008758,0.008758,0.008758,,0.6344325,,,0.840021
71,0.023974,0.0063691,0.0068691,0.97674,0.96223,0.98695,0.79758,0.017596,0.0034363,0.0025959,0.00874,0.00874,0.00874,,0.6641832,,,0.8389075
72,0.023627,0.0063619,0.0068402,0.98337,0.97027,0.98729,0.80479,0.017251,0.0033834,0.0022837,0.008722,0.008722,0.008722,,0.6686916,,,0.8391965
73,0.02312,0.0062359,0.0065327,0.97637,0.9705,0.98815,0.80457,0.01733,0.0034138,0.0023694,0.008704,0.008704,0.008704,,0.6639316,,,0.8399275
74,0.023878,0.0064367,0.0063515,0.98018,0.97637,0.98733,0.80857,0.017027,0.0032928,0.002285,0.008686,0.008686,0.008686,,0.6665224,,,0.8392305
75,0.023582,0.0063659,0.0066776,0.98085,0.97181,0.98678,0.80976,0.016774,0.0033999,0.0022139,0.008668,0.008668,0.008668,,0.666978,,,0.838763
76,0.023985,0.0067751,0.0067689,0.98455,0.97728,0.989,0.81012,0.016672,0.0033237,0.0020853,0.00865,0.00865,0.00865,,0.669494,,,0.84065
77,0.02388,0.0064084,0.0065307,0.97317,0.97326,0.98915,0.81692,0.017087,0.0034468,0.002395,0.008632,0.008632,0.008632,,0.6617556,,,0.8407775
78,0.024007,0.0064306,0.0068047,0.9469,0.96982,0.98326,0.8074,0.016926,0.0033853,0.0029334,0.008614,0.008614,0.008614,,0.643892,,,0.835771
79,0.024929,0.0069571,0.0067056,0.97495,0.97485,0.99074,0.81458,0.016901,0.0033869,0.0024414,0.008596,0.008596,0.008596,,0.662966,,,0.842129
80,0.023771,0.0062666,0.0064857,0.97371,0.97576,0.98961,0.80897,0.01676,0.0033701,0.0022779,0.008578,0.008578,0.008578,,0.6621228,,,0.8411685
81,0.023902,0.0065882,0.0063795,0.98191,0.97737,0.99046,0.81945,0.016661,0.0032985,0.0020078,0.00856,0.00856,0.00856,,0.6676988,,,0.841891
82,0.023689,0.0063716,0.0071103,0.97273,0.97508,0.98857,0.81324,0.016632,0.0033767,0.0022953,0.008542,0.008542,0.008542,,0.6614564,,,0.8402845
83,0.023061,0.0063321,0.006811,0.96935,0.96579,0.98475,0.81593,0.016558,0.0032936,0.0024079,0.008524,0.008524,0.008524,,0.659158,,,0.8370375
84,0.023691,0.0063344,0.0069027,0.97756,0.97539,0.98851,0.81322,0.016534,0.0033437,0.0022149,0.008506,0.008506,0.008506,,0.6647408,,,0.8402335
85,0.023708,0.0063445,0.0062962,0.97441,0.97379,0.9894,0.81467,0.016941,0.0032993,0.0021524,0.008488,0.008488,0.008488,,0.6625988,,,0.84099
86,0.023571,0.0064397,0.0067041,0.97911,0.96815,0.98713,0.82346,0.016144,0.0032589,0.002236,0.00847,0.00847,0.00847,,0.6657948,,,0.8390605
87,0.02327,0.0063097,0.006902,0.97554,0.97182,0.98791,0.82085,0.016268,0.0032569,0.0021607,0.008452,0.008452,0.008452,,0.6633672,,,0.8397235
88,0.023777,0.0065239,0.0065538,0.97204,0.96868,0.99007,0.81675,0.016241,0.0033132,0.0021004,0.008434,0.008434,0.008434,,0.6609872,,,0.8415595
89,0.023305,0.0064672,0.0062526,0.97386,0.95391,0.98712,0.81534,0.016689,0.00347,0.0024063,0.008416,0.008416,0.008416,,0.6622248,,,0.839052
90,0.023226,0.00639,0.0067509,0.97894,0.98093,0.98959,0.82726,0.016096,0.0032134,0.0020409,0.008398,0.008398,0.008398,,0.6656792,,,0.8411515
91,0.023062,0.0063625,0.006243,0.97355,0.96116,0.98656,0.82484,0.016121,0.0032359,0.0024038,0.00838,0.00838,0.00838,,0.662014,,,0.838576
92,0.023082,0.006203,0.0061395,0.98326,0.97354,0.99155,0.8285,0.016041,0.0032307,0.0018933,0.008362,0.008362,0.008362,,0.6686168,,,0.8428175
93,0.023161,0.0063007,0.0061462,0.97208,0.97703,0.98976,0.81801,0.016248,0.0033188,0.0020115,0.008344,0.008344,0.008344,,0.6610144,,,0.841296
94,0.022754,0.0061978,0.0064433,0.98441,0.97257,0.99147,0.8243,0.01601,0.0032609,0.001912,0.008326,0.008326,0.008326,,0.6693988,,,0.8427495
95,0.02335,0.0063474,0.0062281,0.97633,0.97141,0.98843,0.82199,0.01604,0.0031887,0.0021097,0.008308,0.008308,0.008308,,0.6639044,,,0.8401655
96,0.022498,0.0061916,0.0060323,0.98459,0.97424,0.99126,0.82884,0.015975,0.0031661,0.0019132,0.00829,0.00829,0.00829,,0.6695212,,,0.842571
97,0.022302,0.0059801,0.0060013,0.98201,0.97369,0.98847,0.823,0.01603,0.0032371,0.0020443,0.008272,0.008272,0.008272,,0.6677668,,,0.8401995
98,0.022788,0.0062912,0.0058969,0.97686,0.96792,0.98896,0.81889,0.01608,0.0032616,0.0020881,0.008254,0.008254,0.008254,,0.6642648,,,0.840616
99,0.023323,0.0063247,0.0061652,0.98034,0.97915,0.98911,0.82838,0.016249,0.0031915,0.0020279,0.008236,0.008236,0.008236,,0.6666312,,,0.8407435
100,0.02295,0.0062946,0.0060575,0.97298,0.96817,0.98585,0.82109,0.016122,0.0032324,0.002283,0.008218,0.008218,0.008218,,0.6616264,,,0.8379725
101,0.022876,0.006438,0.0059965,0.97396,0.97829,0.98794,0.82688,0.015957,0.0032663,0.0019322,0.0082,0.0082,0.0082,,0.6622928,,,0.839749
102,0.023039,0.0064462,0.0058106,0.97746,0.97822,0.99085,0.82857,0.015893,0.0031716,0.0018453,0.008182,0.008182,0.008182,,0.6646728,,,0.8422225
103,0.023049,0.0062182,0.0064724,0.97141,0.97821,0.99032,0.82411,0.016091,0.0032289,0.0019953,0.008164,0.008164,0.008164,,0.6605588,,,0.841772
104,0.023002,0.0062248,0.0062235,0.98025,0.97905,0.98948,0.82717,0.015955,0.0031595,0.001901,0.008146,0.008146,0.008146,,0.66657,,,0.841058
105,0.022554,0.0061673,0.0057688,0.98645,0.98247,0.99146,0.82713,0.015778,0.0031332,0.0016251,0.008128,0.008128,0.008128,,0.670786,,,0.842741
106,0.022366,0.0062089,0.0056387,0.98302,0.9788,0.9912,0.82807,0.015708,0.0031449,0.0016599,0.00811,0.00811,0.00811,,0.6684536,,,0.84252
107,0.022216,0.0060163,0.0059038,0.98698,0.97698,0.99187,0.82969,0.015694,0.0031151,0.0016481,0.008092,0.008092,0.008092,,0.6711464,,,0.8430895
108,0.022079,0.0061585,0.0057978,0.97352,0.9818,0.98914,0.83056,0.015709,0.0031826,0.0018701,0.008074,0.008074,0.008074,,0.6619936,,,0.840769
109,0.022626,0.0060786,0.0058153,0.97855,0.98585,0.98874,0.82268,0.015907,0.0031863,0.0016862,0.008056,0.008056,0.008056,,0.665414,,,0.840429
110,0.022644,0.0060096,0.0056783,0.97364,0.98366,0.9885,0.82287,0.01585,0.003229,0.0018401,0.008038,0.008038,0.008038,,0.6620752,,,0.840225
111,0.022094,0.0059433,0.005544,0.9869,0.98347,0.99075,0.82353,0.016308,0.0031618,0.0015698,0.00802,0.00802,0.00802,,0.671092,,,0.8421375
112,0.023438,0.0062136,0.0068719,0.97592,0.97703,0.98921,0.82593,0.016147,0.003177,0.0019706,0.008002,0.008002,0.008002,,0.6636256,,,0.8408285
113,0.022599,0.0060894,0.0055716,0.98954,0.98083,0.99147,0.83009,0.015751,0.0031675,0.0015857,0.007984,0.007984,0.007984,,0.6728872,,,0.8427495
114,0.022679,0.0062419,0.005522,0.98705,0.97809,0.99229,0.83165,0.015654,0.0031529,0.0016032,0.007966,0.007966,0.007966,,0.671194,,,0.8434465
115,0.022376,0.0060881,0.005553,0.9814,0.98489,0.99167,0.82463,0.015569,0.0031294,0.0016382,0.007948,0.007948,0.007948,,0.667352,,,0.8429195
116,0.022641,0.0063251,0.0058348,0.97294,0.97151,0.98782,0.82849,0.015381,0.0031393,0.0019314,0.00793,0.00793,0.00793,,0.6615992,,,0.839647
117,0.022304,0.0061718,0.0059736,0.98501,0.97751,0.99044,0.82712,0.015653,0.0031336,0.0016989,0.007912,0.007912,0.007912,,0.6698068,,,0.841874
118,0.021637,0.0059641,0.0052861,0.98462,0.98503,0.99188,0.83888,0.015338,0.003047,0.0015489,0.007894,0.007894,0.007894,,0.6695416,,,0.843098
119,0.022002,0.0062406,0.0056651,0.98624,0.97989,0.98938,0.83112,0.015688,0.0031458,0.0015819,0.007876,0.007876,0.007876,,0.6706432,,,0.840973
120,0.021989,0.006098,0.0055592,0.9806,0.98291,0.99156,0.83046,0.015228,0.0030977,0.0016133,0.007858,0.007858,0.007858,,0.666808,,,0.842826
121,0.021815,0.0060658,0.0053317,0.98795,0.97645,0.99169,0.83003,0.015566,0.003161,0.001526,0.00784,0.00784,0.00784,,0.671806,,,0.8429365
122,0.021852,0.0059809,0.0056076,0.98492,0.98311,0.9909,0.83741,0.015416,0.0031142,0.0015107,0.007822,0.007822,0.007822,,0.6697456,,,0.842265
123,0.022203,0.0061978,0.0060323,0.98491,0.97793,0.99001,0.83615,0.015445,0.0031129,0.0016227,0.007804,0.007804,0.007804,,0.6697388,,,0.8415085
124,0.021922,0.0061237,0.0057589,0.97972,0.98577,0.99116,0.83339,0.015511,0.0031366,0.0015253,0.007786,0.007786,0.007786,,0.6662096,,,0.842486
125,0.0226,0.0060379,0.0056748,0.98417,0.98533,0.99008,0.83261,0.015377,0.0031269,0.0014299,0.007768,0.007768,0.007768,,0.6692356,,,0.841568
126,0.022096,0.0060706,0.0051537,0.98421,0.97344,0.99125,0.83972,0.015137,0.0031408,0.0015715,0.00775,0.00775,0.00775,,0.6692628,,,0.8425625
127,0.020935,0.0057917,0.0053692,0.98768,0.9808,0.99122,0.83308,0.015311,0.0031249,0.001408,0.007732,0.007732,0.007732,,0.6716224,,,0.842537
128,0.021626,0.0059752,0.0053335,0.9832,0.98519,0.99141,0.83334,0.015294,0.0030782,0.0014652,0.007714,0.007714,0.007714,,0.668576,,,0.8426985
129,0.021595,0.0060448,0.0051935,0.98533,0.982,0.99134,0.83312,0.015318,0.0031399,0.001473,0.007696,0.007696,0.007696,,0.6700244,,,0.842639
130,0.021983,0.0062081,0.0060482,0.97515,0.9806,0.99076,0.83599,0.015294,0.0031171,0.0017026,0.007678,0.007678,0.007678,,0.663102,,,0.842146
131,0.021316,0.0058854,0.0051986,0.98888,0.98047,0.99202,0.83739,0.015392,0.0030381,0.0014817,0.00766,0.00766,0.00766,,0.6724384,,,0.843217
132,0.021464,0.005838,0.0053209,0.98626,0.97806,0.99175,0.83668,0.015283,0.0031192,0.001515,0.007642,0.007642,0.007642,,0.6706568,,,0.8429875
133,0.021939,0.0061114,0.0054268,0.98213,0.98112,0.99263,0.8329,0.01538,0.0031219,0.0015439,0.007624,0.007624,0.007624,,0.6678484,,,0.8437355
134,0.021187,0.0060089,0.005282,0.98732,0.98619,0.99373,0.83896,0.015182,0.0030483,0.0012331,0.007606,0.007606,0.007606,,0.6713776,,,0.8446705
135,0.021474,0.0060088,0.0054432,0.98809,0.98316,0.99207,0.83277,0.015592,0.0030546,0.0014019,0.007588,0.007588,0.007588,,0.6719012,,,0.8432595
136,0.021477,0.0058309,0.0052553,0.99213,0.98258,0.99271,0.83687,0.015105,0.0030431,0.0012539,0.00757,0.00757,0.00757,,0.6746484,,,0.8438035
137,0.020717,0.0057187,0.0050637,0.98873,0.98227,0.99148,0.83661,0.015089,0.0030687,0.0013763,0.007552,0.007552,0.007552,,0.6723364,,,0.842758
138,0.021195,0.0058077,0.0050045,0.98944,0.98349,0.99174,0.84513,0.015089,0.0030526,0.0013532,0.007534,0.007534,0.007534,,0.6728192,,,0.842979
139,0.022032,0.0059986,0.0055437,0.98572,0.98427,0.98881,0.83555,0.015097,0.0030698,0.0013636,0.007516,0.007516,0.007516,,0.6702896,,,0.8404885
140,0.020919,0.0059083,0.0052093,0.98227,0.97996,0.98935,0.83536,0.015097,0.0030365,0.0015227,0.007498,0.007498,0.007498,,0.6679436,,,0.8409475
141,0.021811,0.0060059,0.0052273,0.98664,0.98018,0.9915,0.84082,0.015056,0.0030258,0.0013038,0.00748,0.00748,0.00748,,0.6709152,,,0.842775
142,0.02081,0.0059212,0.0051105,0.98239,0.98409,0.99106,0.83875,0.015021,0.0030243,0.0013814,0.007462,0.007462,0.007462,,0.6680252,,,0.842401
143,0.022324,0.0067117,0.005339,0.98448,0.98174,0.98984,0.83733,0.015021,0.0030705,0.0014433,0.007444,0.007444,0.007444,,0.6694464,,,0.841364
144,0.021009,0.0056319,0.0050606,0.98768,0.98508,0.99124,0.83589,0.015134,0.0030887,0.0012253,0.007426,0.007426,0.007426,,0.6716224,,,0.842554
145,0.020983,0.0057966,0.0050343,0.98664,0.97593,0.99049,0.836,0.015178,0.0030835,0.0014406,0.007408,0.007408,0.007408,,0.6709152,,,0.8419165
146,0.021778,0.0059678,0.0052446,0.97637,0.97964,0.98873,0.83443,0.015184,0.0030788,0.001601,0.00739,0.00739,0.00739,,0.6639316,,,0.8404205
147,0.021173,0.0060802,0.0053796,0.98131,0.98012,0.99094,0.83715,0.015075,0.0030528,0.0015779,0.007372,0.007372,0.007372,,0.6672908,,,0.842299
148,0.021344,0.0060021,0.0053209,0.98238,0.98551,0.9911,0.83811,0.015096,0.0030378,0.0014106,0.007354,0.007354,0.007354,,0.6680184,,,0.842435
149,0.02098,0.0057921,0.0049306,0.98814,0.98298,0.99233,0.83824,0.015153,0.003054,0.0012778,0.007336,0.007336,0.007336,,0.6719352,,,0.8434805
150,0.020905,0.0056952,0.0048306,0.98412,0.9798,0.98995,0.83996,0.015225,0.0030787,0.0014586,0.007318,0.007318,0.007318,,0.6692016,,,0.8414575
151,0.020669,0.0055716,0.0044899,0.98476,0.98574,0.99053,0.8388,0.01504,0.003082,0.0013759,0.0073,0.0073,0.0073,,0.6696368,,,0.8419505
152,0.020818,0.0058947,0.0048874,0.98415,0.97809,0.99159,0.84123,0.014961,0.0030585,0.0015324,0.007282,0.007282,0.007282,,0.669222,,,0.8428515
153,0.021031,0.0056788,0.0045682,0.98763,0.98314,0.992,0.83832,0.01508,0.0030685,0.0012611,0.007264,0.007264,0.007264,,0.6715884,,,0.8432
154,0.020877,0.0059052,0.0045546,0.98784,0.9877,0.99127,0.83936,0.0151,0.0030214,0.0012536,0.007246,0.007246,0.007246,,0.6717312,,,0.8425795
155,0.020724,0.0057004,0.0046308,0.99025,0.9898,0.99149,0.83866,0.015192,0.0030565,0.001136,0.007228,0.007228,0.007228,,0.67337,,,0.8427665
156,0.020964,0.0059235,0.0049047,0.98973,0.98951,0.99193,0.84471,0.014919,0.0030273,0.0011277,0.00721,0.00721,0.00721,,0.6730164,,,0.8431405
157,0.020303,0.0056941,0.004672,0.98888,0.9897,0.99122,0.83928,0.014999,0.0029996,0.0011693,0.007192,0.007192,0.007192,,0.6724384,,,0.842537
158,0.020105,0.0055555,0.0043856,0.98758,0.98589,0.99189,0.84071,0.014913,0.0029754,0.0011564,0.007174,0.007174,0.007174,,0.6715544,,,0.8431065
159,0.020726,0.0058518,0.0046148,0.99158,0.99058,0.99166,0.84308,0.014797,0.0029992,0.0011071,0.007156,0.007156,0.007156,,0.6742744,,,0.842911
160,0.020103,0.0056651,0.0048102,0.99091,0.98858,0.99208,0.84484,0.014835,0.0030415,0.0011408,0.007138,0.007138,0.007138,,0.6738188,,,0.843268
161,0.020547,0.0056688,0.0042354,0.99101,0.98866,0.99208,0.84272,0.014783,0.0030453,0.0010948,0.00712,0.00712,0.00712,,0.6738868,,,0.843268
162,0.020356,0.0056401,0.0044756,0.9896,0.98801,0.99188,0.84112,0.0148,0.0030308,0.0011949,0.007102,0.007102,0.007102,,0.672928,,,0.843098
163,0.020653,0.005775,0.0046756,0.98793,0.98621,0.99163,0.84775,0.014698,0.0030017,0.0012533,0.007084,0.007084,0.007084,,0.6717924,,,0.8428855
164,0.02014,0.0056952,0.0044108,0.98959,0.98892,0.99201,0.84531,0.01464,0.0030086,0.0011432,0.007066,0.007066,0.007066,,0.6729212,,,0.8432085
165,0.020845,0.0056776,0.0054917,0.98747,0.98453,0.99203,0.8459,0.014725,0.0030219,0.0012711,0.007048,0.007048,0.007048,,0.6714796,,,0.8432255
166,0.020098,0.0057232,0.0043817,0.98468,0.98856,0.99127,0.84033,0.014682,0.0030213,0.0011775,0.00703,0.00703,0.00703,,0.6695824,,,0.8425795
167,0.019679,0.0054405,0.0044308,0.98944,0.98309,0.99144,0.84168,0.014688,0.0029927,0.0011899,0.007012,0.007012,0.007012,,0.6728192,,,0.842724
168,0.019861,0.0056163,0.0044651,0.98666,0.98499,0.99117,0.84285,0.014661,0.0030002,0.0012382,0.006994,0.006994,0.006994,,0.6709288,,,0.8424945
169,0.019884,0.0056389,0.0042512,0.99103,0.98786,0.9911,0.84315,0.014697,0.0030254,0.0011547,0.006976,0.006976,0.006976,,0.6739004,,,0.842435
170,0.020701,0.0058478,0.0050778,0.98701,0.98366,0.99159,0.84182,0.014838,0.0030054,0.0012836,0.006958,0.006958,0.006958,,0.6711668,,,0.8428515
171,0.019941,0.005566,0.0043172,0.98619,0.98427,0.99168,0.84089,0.014824,0.0030241,0.0012911,0.00694,0.00694,0.00694,,0.6706092,,,0.842928
172,0.019799,0.0054774,0.0043118,0.98934,0.98549,0.99104,0.83924,0.014878,0.0030271,0.0013295,0.006922,0.006922,0.006922,,0.6727512,,,0.842384
173,0.020304,0.0057291,0.00455,0.99069,0.98735,0.99139,0.83912,0.014919,0.0030757,0.0012539,0.006904,0.006904,0.006904,,0.693483,,,0.8426815
174,0.019689,0.0057265,0.0044018,0.98849,0.98631,0.99205,0.84395,0.014956,0.0030418,0.0012267,0.006886,0.006886,0.006886,,0.889641,,,0.8432425
175,0.019964,0.0056643,0.0044527,0.98633,0.98069,0.9916,0.839,0.014887,0.0030256,0.0012755,0.006868,0.006868,0.006868,,0.887697,,,0.84286
176,0.020002,0.0055157,0.0043159,0.98677,0.98257,0.99149,0.84316,0.01457,0.0029759,0.0013119,0.00685,0.00685,0.00685,,0.888093,,,0.8427665
177,0.019426,0.0054687,0.0042691,0.98926,0.98177,0.99191,0.84464,0.014583,0.0029979,0.0013417,0.006832,0.006832,0.006832,,0.890334,,,0.8431235
178,0.019723,0.0055755,0.0043135,0.98369,0.98404,0.99182,0.84581,0.014558,0.0029795,0.0013196,0.006814,0.006814,0.006814,,0.885321,,,0.843047
179,0.020437,0.0057456,0.0044903,0.97896,0.97885,0.98908,0.84615,0.014557,0.0030161,0.0015598,0.006796,0.006796,0.006796,,0.881064,,,0.840718
180,0.019711,0.0055889,0.0043921,0.97563,0.98163,0.98858,0.84592,0.014556,0.0030021,0.0014369,0.006778,0.006778,0.006778,,0.878067,,,0.840293
181,0.020192,0.0057195,0.0043524,0.9822,0.98039,0.99079,0.8461,0.014547,0.0029837,0.0013992,0.00676,0.00676,0.00676,,0.88398,,,0.8421715
182,0.019434,0.0055827,0.00417,0.98376,0.9813,0.99084,0.84679,0.014506,0.0029602,0.0012862,0.006742,0.006742,0.006742,,0.885384,,,0.842214
183,0.020442,0.0060614,0.004463,0.98438,0.97908,0.99081,0.84814,0.014531,0.0029603,0.0013109,0.006724,0.006724,0.006724,,0.885942,,,0.8421885
184,0.019684,0.005378,0.0042863,0.98044,0.98284,0.98977,0.84388,0.014406,0.002967,0.0013413,0.006706,0.006706,0.006706,,0.882396,,,0.8413045
185,0.019591,0.0055136,0.0040727,0.98653,0.98269,0.9909,0.84849,0.01456,0.0029759,0.001272,0.006688,0.006688,0.006688,,0.887877,,,0.842265
186,0.02027,0.00568,0.0044498,0.9876,0.98398,0.99181,0.84713,0.014561,0.002945,0.0012343,0.00667,0.00667,0.00667,,0.88884,,,0.8430385
187,0.020105,0.0057879,0.0045686,0.98691,0.98127,0.99242,0.84772,0.014531,0.0029325,0.0012525,0.006652,0.006652,0.006652,,0.888219,,,0.843557
188,0.019894,0.0056862,0.004449,0.98722,0.98398,0.99089,0.84373,0.0146,0.0029417,0.0013137,0.006634,0.006634,0.006634,,0.888498,,,0.8422565
189,0.019561,0.0055473,0.004144,0.98791,0.98617,0.99159,0.84314,0.014556,0.002946,0.0011717,0.006616,0.006616,0.006616,,0.889119,,,0.8428515
190,0.020023,0.0057787,0.0047514,0.98836,0.9846,0.99221,0.84586,0.014593,0.0029669,0.0011773,0.006598,0.006598,0.006598,,0.889524,,,0.8433785
191,0.020567,0.0056335,0.0051089,0.98526,0.98188,0.99159,0.84508,0.014548,0.0029246,0.0013982,0.00658,0.00658,0.00658,,0.886734,,,0.8428515
192,0.020582,0.0058081,0.0045924,0.98613,0.98103,0.99097,0.84663,0.014642,0.0029341,0.0013489,0.006562,0.006562,0.006562,,0.887517,,,0.8423245
193,0.020012,0.0057147,0.0047706,0.98793,0.98188,0.9905,0.84229,0.014621,0.0029483,0.0012124,0.006544,0.006544,0.006544,,0.889137,,,0.841925
194,0.020231,0.0058084,0.0045656,0.98561,0.98454,0.99125,0.84391,0.014526,0.002957,0.0012012,0.006526,0.006526,0.006526,,0.887049,,,0.8425625
195,0.020136,0.0057379,0.0046328,0.98626,0.98173,0.99204,0.84628,0.014493,0.0029553,0.0011905,0.006508,0.006508,0.006508,,0.887634,,,0.843234
196,0.020664,0.0058241,0.0049011,0.98812,0.9813,0.99231,0.8473,0.014502,0.0029545,0.0011889,0.00649,0.00649,0.00649,,0.889308,,,0.8434635
197,0.020408,0.0057594,0.0045687,0.98974,0.98646,0.99236,0.84676,0.014505,0.002977,0.0011301,0.006472,0.006472,0.006472,,0.890766,,,0.843506
198,0.020175,0.0056951,0.0044623,0.98941,0.98268,0.9923,0.84712,0.014432,0.00298,0.001188,0.006454,0.006454,0.006454,,0.890469,,,0.843455
199,0.019872,0.0055574,0.0045574,0.98957,0.98538,0.99278,0.84624,0.014427,0.002959,0.0010981,0.006436,0.006436,0.006436,,0.890613,,,0.843863
200,0.020433,0.0061384,0.0048689,0.98948,0.98501,0.9928,0.84485,0.014548,0.0029829,0.0010975,0.006418,0.006418,0.006418,,0.890532,,,0.84388
201,0.020987,0.0058501,0.005102,0.98608,0.98856,0.99344,0.84571,0.014592,0.0029879,0.0010089,0.0064,0.0064,0.0064,,0.887472,,,0.844424
202,0.02005,0.0058527,0.0045438,0.98952,0.98269,0.99278,0.84646,0.014551,0.002948,0.0010589,0.006382,0.006382,0.006382,,0.890568,,,0.843863
203,0.019931,0.0056227,0.0047406,0.98791,0.98475,0.99283,0.84426,0.01448,0.0029371,0.00111,0.006364,0.006364,0.006364,,0.889119,,,0.8439055
204,0.019545,0.0054117,0.0041385,0.98803,0.98468,0.99176,0.84515,0.014523,0.0029375,0.001093,0.006346,0.006346,0.006346,,0.889227,,,0.842996
205,0.019158,0.0053015,0.0037836,0.98752,0.9843,0.99223,0.84652,0.01459,0.0029413,0.0010936,0.006328,0.006328,0.006328,,0.888768,,,0.8433955
206,0.019972,0.005562,0.0042675,0.98669,0.98476,0.99237,0.84561,0.014509,0.0029665,0.001102,0.00631,0.00631,0.00631,,0.888021,,,0.8435145
207,0.019514,0.0054537,0.0038128,0.98966,0.98629,0.99273,0.84355,0.014603,0.0029917,0.0010055,0.006292,0.006292,0.006292,,0.890694,,,0.8438205
208,0.019771,0.00558,0.0040404,0.99069,0.98749,0.99217,0.84323,0.014653,0.0029809,0.0010449,0.006274,0.006274,0.006274,,0.891621,,,0.8433445
209,0.019364,0.0055577,0.0041848,0.99136,0.98704,0.99277,0.84511,0.014659,0.0029929,0.00098166,0.006256,0.006256,0.006256,,0.892224,,,0.8438545
210,0.019795,0.0056676,0.0045139,0.99109,0.98741,0.99217,0.8471,0.014563,0.0029857,0.00099141,0.006238,0.006238,0.006238,,0.891981,,,0.8433445
,,,,,,,,,,,,,,,,,,0
,,,,,,,,,,,,,,,,,,0
,,,,,,,,,,,,,,,,,,0
,,,,,,,,,,,,,,,,,,0
,,,,,,,,,,,,,,,,,,0
,,,,,,,,,,,,,,,,,,0
,,,,,,,,,,,,,,,,,,0
,,,,,,,,,,,,,,,,,,0
,,,,,,,,,,,,,,,,,,0
,,,,,,,,,,,,,,,,,,0
,,,,,,,,,,,,,,,,,,0
,,,,,,,,,,,,,,,,,,0
,,,,,,,,,,,,,,,,,,0
,,,,,,,,,,,,,,,,,,0
,,,,,,,,,,,,,,,,,,0
,,,,,,,,,,,,,,,,,,0
,,,,,,,,,,,,,,,,,,0
,,,,,,,,,,,,,,,,,,0
,,,,,,,,,,,,,,,,,,0
,,,,,,,,,,,,,,,,,,0
,,,,,,,,,,,,,,,,,,0
,,,,,,,,,,,,,,,,,,0
,,,,,,,,,,,,,,,,,,0
,,,,,,,,,,,,,,,,,,0
,,,,,,,,,,,,,,,,,,0
,,,,,,,,,,,,,,,,,,0
,,,,,,,,,,,,,,,,,,0
,,,,,,,,,,,,,,,,,,0
,,,,,,,,,,,,,,,,,,0
,,,,,,,,,,,,,,,,,,0
,,,,,,,,,,,,,,,,,,0
,,,,,,,,,,,,,,,,,,0
,,,,,,,,,,,,,,,,,,0
